ID;CustomerName;CustomerLocationX;CustomerLocationY
e87cd3a0331411ec919fd79bb4702f01;Emlak Konut;29.098689;40.997060
e87cd3a0331411Zc959fd79bb4702f02;Petrol Ofisi;32.835081;39.938254